instance,scenario_index,depot_idx_0_4,table3_truck_path_raw_0_4,table3_drone_seq_raw,table3_truck_path_0_4,table3_drone_seq,gurobi_truck_path_0_4,gurobi_drone_seq,table3_fixed_path_paper_obj,gurobi_paper_obj,obj_gap_table3_minus_gurobi,table3_runtime_sec,gurobi_runtime_sec,same_combo_idx
Instance1,0,0,[],[],[],[],"[""D0"", 6, 14, 6, ""D0""]","[0, 4, 2, 11]",107.13666666666666,104.01333120934271,3.1233354573239467,23.378494099997624,100.26699995994568,False
Instance1,0,1,"[""D1"", 2, 2, 0, 4, 6, 14]","[11, 13]","[""D1"", 2, 0, 4, 6, 14, 6, 0, ""D1""]","[11, 13]",[],[],107.13666666666666,104.01333120934271,3.1233354573239467,23.378494099997624,100.26699995994568,False
Instance1,0,2,"[""D2"", 5, 12, 1, 3, 9, 1, 12, 5]","[8, 10, 7]","[""D2"", 5, 12, 1, 3, 9, 1, 12, 5, ""D2""]","[8, 10, 7]","[""D2"", 5, 12, 1, 3, 9, 1, 12, 5, 7, 5, ""D2""]","[8, 10, 13]",107.13666666666666,104.01333120934271,3.1233354573239467,23.378494099997624,100.26699995994568,False
Instance1,1,0,[],[],[],[],"[""D0"", 0, 2, 11, 7, 11, 2, 0, ""D0""]","[4, 6, 14]",107.13666666666666,104.01333120934271,3.1233354573239467,23.378494099997624,100.26699995994568,False
Instance1,1,1,"[""D1"", 2, 2, 0, 4, 6, 14]","[11, 13]","[""D1"", 2, 0, 4, 6, 14, 6, 0, ""D1""]","[11, 13]",[],[],107.13666666666666,104.01333120934271,3.1233354573239467,23.378494099997624,100.26699995994568,False
Instance1,1,2,"[""D2"", 5, 12, 1, 3, 9, 1, 12, 5]","[8, 10, 7]","[""D2"", 5, 12, 1, 3, 9, 1, 12, 5, ""D2""]","[8, 10, 7]","[""D2"", 5, 12, 1, 3, 9, 3, 1, 9, 1, 12, 5, ""D2""]","[8, 10, 13]",107.13666666666666,104.01333120934271,3.1233354573239467,23.378494099997624,100.26699995994568,False
Instance1,2,0,[],[],[],[],"[""D0"", 0, 4, 6, 14, 6, 0, ""D0""]","[2, 11]",107.13666666666666,104.01333120934271,3.1233354573239467,23.378494099997624,100.26699995994568,False
Instance1,2,1,"[""D1"", 2, 2, 0, 4, 6]","[11, 13]","[""D1"", 2, 0, 4, 6, 0, ""D1""]","[11, 13]",[],[],107.13666666666666,104.01333120934271,3.1233354573239467,23.378494099997624,100.26699995994568,False
Instance1,2,2,"[""D2"", 5, 12, 1, 3, 9, 1, 12, 5, 7]","[8, 10, 14]","[""D2"", 5, 12, 1, 3, 9, 1, 12, 5, 7, ""D2""]","[8, 10, 14]","[""D2"", 5, 12, 1, 3, 1, 9, 3, 9, 1, 12, 5, 7, ""D2""]","[8, 10, 13]",107.13666666666666,104.01333120934271,3.1233354573239467,23.378494099997624,100.26699995994568,False
Instance1,3,0,[],[],[],[],"[""D0"", 0, 4, 6, 14, 6, 4, ""D0""]","[2, 11]",107.13666666666666,104.01333120934271,3.1233354573239467,23.378494099997624,100.26699995994568,False
Instance1,3,1,"[""D1"", 2, 2, 0, 4, 6, 14]","[11, 13]","[""D1"", 2, 0, 4, 6, 14, 6, 0, ""D1""]","[11, 13]",[],[],107.13666666666666,104.01333120934271,3.1233354573239467,23.378494099997624,100.26699995994568,False
Instance1,3,2,"[""D2"", 5, 12, 1, 3, 9, 1, 12, 5]","[8, 10, 7]","[""D2"", 5, 12, 1, 3, 9, 1, 12, 5, ""D2""]","[8, 10, 7]","[""D2"", 5, 12, 1, 9, 3, 1, 12, 5, 7, ""D2""]","[8, 10, 13]",107.13666666666666,104.01333120934271,3.1233354573239467,23.378494099997624,100.26699995994568,False
Instance1,4,0,[],[],[],[],"[""D0"", 0, 2, 11, 7, 11, 2, 0, ""D0""]","[4, 6, 14]",107.13666666666666,104.01333120934271,3.1233354573239467,23.378494099997624,100.26699995994568,False
Instance1,4,1,"[""D1"", 2, 2, 0, 4, 6, 14]","[11, 13]","[""D1"", 2, 0, 4, 6, 14, 6, 0, ""D1""]","[11, 13]",[],[],107.13666666666666,104.01333120934271,3.1233354573239467,23.378494099997624,100.26699995994568,False
Instance1,4,2,"[""D2"", 5, 12, 1, 3, 9, 1, 12, 5]","[8, 10, 7]","[""D2"", 5, 12, 1, 3, 9, 1, 12, 5, ""D2""]","[8, 10, 7]","[""D2"", 5, 12, 1, 3, 9, 1, 12, ""D2""]","[8, 10, 13]",107.13666666666666,104.01333120934271,3.1233354573239467,23.378494099997624,100.26699995994568,False
Instance1,5,0,[],[],[],[],"[""D0"", 0, 2, 11, 7, 11, 2, 0, ""D0""]","[4, 6, 14]",107.13666666666666,104.01333120934271,3.1233354573239467,23.378494099997624,100.26699995994568,False
Instance1,5,1,"[""D1"", 2, 2, 0, 4, 6, 14]","[11, 13]","[""D1"", 2, 0, 4, 6, 14, 6, 0, ""D1""]","[11, 13]",[],[],107.13666666666666,104.01333120934271,3.1233354573239467,23.378494099997624,100.26699995994568,False
Instance1,5,2,"[""D2"", 5, 12, 1, 3, 9, 1, 12, 5]","[8, 10, 7]","[""D2"", 5, 12, 1, 3, 9, 1, 12, 5, ""D2""]","[8, 10, 7]","[""D2"", 12, 1, 3, 1, 9, 3, 9, 1, 12, ""D2""]","[5, 8, 10, 13]",107.13666666666666,104.01333120934271,3.1233354573239467,23.378494099997624,100.26699995994568,False
Instance1,6,0,[],[],[],[],"[""D0"", 0, 4, 6, 14, 6, ""D0""]","[2, 11]",107.13666666666666,104.01333120934271,3.1233354573239467,23.378494099997624,100.26699995994568,False
Instance1,6,1,"[""D1"", 2, 2, 0, 4, 6, 14]","[11, 13]","[""D1"", 2, 0, 4, 6, 14, 6, 0, ""D1""]","[11, 13]",[],[],107.13666666666666,104.01333120934271,3.1233354573239467,23.378494099997624,100.26699995994568,False
Instance1,6,2,"[""D2"", 5, 12, 1, 3, 9, 1, 12, 5]","[8, 10, 7]","[""D2"", 5, 12, 1, 3, 9, 1, 12, 5, ""D2""]","[8, 10, 7]","[""D2"", 5, 12, 1, 3, 1, 9, 3, 9, 1, 12, 5, 7, ""D2""]","[8, 10, 13]",107.13666666666666,104.01333120934271,3.1233354573239467,23.378494099997624,100.26699995994568,False
Instance1,7,0,[],[],[],[],"[""D0"", 0, 2, 11, 7, 11, 2, 0, ""D0""]","[4, 6, 14]",107.13666666666666,104.01333120934271,3.1233354573239467,23.378494099997624,100.26699995994568,False
Instance1,7,1,"[""D1"", 2, 2, 0, 4, 6, 14]","[11, 13]","[""D1"", 2, 0, 4, 6, 14, 6, 0, ""D1""]","[11, 13]",[],[],107.13666666666666,104.01333120934271,3.1233354573239467,23.378494099997624,100.26699995994568,False
Instance1,7,2,"[""D2"", 5, 12, 1, 3, 9, 1, 12, 5]","[8, 10, 7]","[""D2"", 5, 12, 1, 3, 9, 1, 12, 5, ""D2""]","[8, 10, 7]","[""D2"", 5, 12, 1, 3, 9, 1, 12, 5, ""D2""]","[8, 10, 13]",107.13666666666666,104.01333120934271,3.1233354573239467,23.378494099997624,100.26699995994568,False
Instance1,8,0,[],[],[],[],"[""D0"", 2, 11, 7, 11, 2, ""D0""]","[0, 4, 6, 14]",107.13666666666666,104.01333120934271,3.1233354573239467,23.378494099997624,100.26699995994568,False
Instance1,8,1,"[""D1"", 2, 2, 0, 4, 6, 14]","[11, 13]","[""D1"", 2, 0, 4, 6, 14, 6, 0, ""D1""]","[11, 13]",[],[],107.13666666666666,104.01333120934271,3.1233354573239467,23.378494099997624,100.26699995994568,False
Instance1,8,2,"[""D2"", 5, 12, 1, 3, 9, 1, 12, 5]","[8, 10, 7]","[""D2"", 5, 12, 1, 3, 9, 1, 12, 5, ""D2""]","[8, 10, 7]","[""D2"", 5, 12, 1, 3, 9, 1, 12, ""D2""]","[8, 10, 13]",107.13666666666666,104.01333120934271,3.1233354573239467,23.378494099997624,100.26699995994568,False
Instance1,9,0,[],[],[],[],"[""D0"", 0, 4, 6, 14, 6, 0, ""D0""]","[2, 9]",107.13666666666666,104.01333120934271,3.1233354573239467,23.378494099997624,100.26699995994568,False
Instance1,9,1,"[""D1"", 2, 2, 0, 4, 6, 14]","[11, 13]","[""D1"", 2, 0, 4, 6, 14, 6, 0, ""D1""]","[11, 13]",[],[],107.13666666666666,104.01333120934271,3.1233354573239467,23.378494099997624,100.26699995994568,False
Instance1,9,2,"[""D2"", 5, 12, 1, 9, 3, 1, 12, 5]","[8, 10, 7]","[""D2"", 5, 12, 1, 9, 3, 1, 12, 5, ""D2""]","[8, 10, 7]","[""D2"", 7, 13, 7, 10, 7, 11, 7, ""D2""]","[5, 8, 12, 1, 3]",107.13666666666666,104.01333120934271,3.1233354573239467,23.378494099997624,100.26699995994568,False
Instance2,0,0,"[""D0"", 1, 1, 5, 10, 10, 4, 8]","[11, 6, 9]","[""D0"", 1, 5, 10, 4, 8, 10, 5, ""D0""]","[11, 6, 9]","[""D0"", 1, 5, 10, 4, 8, 4, 10, 8, 10, 5, ""D0""]","[11, 6, 9]",10.313333333333334,10.306666657700694,0.006666675632640562,21.807484199998726,100.36500000953674,True
Instance2,0,1,"[""D1"", 7, 2, 13, 14]","[3, 0, 12]","[""D1"", 7, 2, 13, 14, 13, 2, 7, ""D1""]","[3, 0, 12]","[""D1"", 3, 7, 2, 13, 14, 13, 2, 7, ""D1""]","[0, 12]",10.313333333333334,10.306666657700694,0.006666675632640562,21.807484199998726,100.36500000953674,True
Instance2,1,0,"[""D0"", 1, 1, 5, 6, 6, 5, 10, 4, 10]","[11, 9, 8]","[""D0"", 1, 5, 6, 5, 10, 4, 10, 5, ""D0""]","[11, 9, 8]","[""D0"", 1, 5, 6, 14, 13, 14, 6, 1, ""D0""]","[11, 9, 8]",10.313333333333334,10.306666657700694,0.006666675632640562,21.807484199998726,100.36500000953674,True
Instance2,1,1,"[""D1"", 3, 7, 2, 13, 14]","[0, 12]","[""D1"", 3, 7, 2, 13, 14, 13, 2, 7, ""D1""]","[0, 12]","[""D1"", 0, 12, 10, 4, 10, 12, 0, ""D1""]","[3, 7, 2]",10.313333333333334,10.306666657700694,0.006666675632640562,21.807484199998726,100.36500000953674,True
Instance2,2,0,"[""D0"", 1, 1, 5, 6, 6, 5, 10, 10, 4]","[11, 9, 8]","[""D0"", 1, 5, 6, 5, 10, 4, 10, 5, ""D0""]","[11, 9, 8]","[""D0"", 1, 5, 10, 4, 8, 10, 5, ""D0""]","[11, 6, 9]",10.313333333333334,10.306666657700694,0.006666675632640562,21.807484199998726,100.36500000953674,True
Instance2,2,1,"[""D1"", 3, 7, 2, 13, 14]","[0, 12]","[""D1"", 3, 7, 2, 13, 14, 13, 2, 7, ""D1""]","[0, 12]","[""D1"", 7, 2, 13, 14, 13, 2, 7, ""D1""]","[3, 0, 12]",10.313333333333334,10.306666657700694,0.006666675632640562,21.807484199998726,100.36500000953674,True
Instance2,3,0,"[""D0"", 1, 1, 5, 10, 10, 4, 8]","[11, 6, 9]","[""D0"", 1, 5, 10, 4, 8, 10, 5, ""D0""]","[11, 6, 9]","[""D0"", 1, 5, 10, 4, 8, 10, 5, 1, ""D0""]","[11, 6, 9]",10.313333333333334,10.306666657700694,0.006666675632640562,21.807484199998726,100.36500000953674,True
Instance2,3,1,"[""D1"", 3, 7, 2, 13, 14]","[0, 12]","[""D1"", 3, 7, 2, 13, 14, 13, 2, 7, ""D1""]","[0, 12]","[""D1"", 3, 7, 2, 13, 14, 13, 2, 7, 3, ""D1""]","[0, 12]",10.313333333333334,10.306666657700694,0.006666675632640562,21.807484199998726,100.36500000953674,True
Instance2,4,0,"[""D0"", 1, 1, 5, 10, 10, 4, 8]","[11, 6, 9]","[""D0"", 1, 5, 10, 4, 8, 10, 5, ""D0""]","[11, 6, 9]","[""D0"", 1, 5, 10, 4, 8, 4, 10, 5, 1, ""D0""]","[11, 6, 9]",10.313333333333334,10.306666657700694,0.006666675632640562,21.807484199998726,100.36500000953674,True
Instance2,4,1,"[""D1"", 3, 7, 2, 13, 14]","[0, 12]","[""D1"", 3, 7, 2, 13, 14, 13, 2, 7, ""D1""]","[0, 12]","[""D1"", 7, 2, 13, 14, 13, 2, 7, ""D1""]","[3, 0, 12]",10.313333333333334,10.306666657700694,0.006666675632640562,21.807484199998726,100.36500000953674,True
Instance2,5,0,"[""D0"", 1, 1, 6, 6, 5, 10, 10, 4]","[11, 9, 8]","[""D0"", 1, 6, 5, 10, 4, 10, 5, ""D0""]","[11, 9, 8]","[""D0"", 1, 6, 5, 10, 4, 10, 5, ""D0""]","[11, 9, 8]",10.313333333333334,10.306666657700694,0.006666675632640562,21.807484199998726,100.36500000953674,True
Instance2,5,1,"[""D1"", 3, 7, 2, 13, 14]","[0, 12]","[""D1"", 3, 7, 2, 13, 14, 13, 2, 7, ""D1""]","[0, 12]","[""D1"", 7, 2, 13, 14, 13, 2, 7, ""D1""]","[3, 0, 12]",10.313333333333334,10.306666657700694,0.006666675632640562,21.807484199998726,100.36500000953674,True
Instance2,6,0,"[""D0"", 1, 1, 5, 10, 10, 4, 8]","[11, 6, 9]","[""D0"", 1, 5, 10, 4, 8, 10, 5, ""D0""]","[11, 6, 9]","[""D0"", 5, 10, 4, 8, 10, 5, ""D0""]","[1, 11, 6, 9]",10.313333333333334,10.306666657700694,0.006666675632640562,21.807484199998726,100.36500000953674,True
Instance2,6,1,"[""D1"", 3, 7, 2, 13, 14]","[0, 12]","[""D1"", 3, 7, 2, 13, 14, 13, 2, 7, ""D1""]","[0, 12]","[""D1"", 7, 2, 13, 14, 13, 2, 7, ""D1""]","[3, 0, 12]",10.313333333333334,10.306666657700694,0.006666675632640562,21.807484199998726,100.36500000953674,True
Instance2,7,0,"[""D0"", 1, 1, 5, 10, 10, 4, 8]","[11, 6, 9]","[""D0"", 1, 5, 10, 4, 8, 10, 5, ""D0""]","[11, 6, 9]","[""D0"", 1, 5, 10, 4, 8, 10, 5, ""D0""]","[11, 6, 9]",10.313333333333334,10.306666657700694,0.006666675632640562,21.807484199998726,100.36500000953674,True
Instance2,7,1,"[""D1"", 3, 7, 2, 13, 14]","[0, 12]","[""D1"", 3, 7, 2, 13, 14, 13, 2, 7, ""D1""]","[0, 12]","[""D1"", 3, 7, 2, 13, 14, 13, 2, 7, ""D1""]","[0, 12]",10.313333333333334,10.306666657700694,0.006666675632640562,21.807484199998726,100.36500000953674,True
Instance2,8,0,"[""D0"", 1, 1, 5, 6, 6, 5, 10, 10, 4]","[11, 9, 8]","[""D0"", 1, 5, 6, 5, 10, 4, 10, 5, ""D0""]","[11, 9, 8]","[""D0"", 1, 5, 10, 4, 8, 10, 5, 1, ""D0""]","[11, 6, 9]",10.313333333333334,10.306666657700694,0.006666675632640562,21.807484199998726,100.36500000953674,True
Instance2,8,1,"[""D1"", 3, 7, 2, 13, 14]","[0, 12]","[""D1"", 3, 7, 2, 13, 14, 13, 2, 7, ""D1""]","[0, 12]","[""D1"", 3, 7, 2, 13, 14, 13, 2, 7, ""D1""]","[0, 12]",10.313333333333334,10.306666657700694,0.006666675632640562,21.807484199998726,100.36500000953674,True
Instance2,9,0,"[""D0"", 5, 10, 4, 8]","[1, 11, 6, 9]","[""D0"", 5, 10, 4, 8, 10, 5, ""D0""]","[1, 11, 6, 9]","[""D0"", 1, 5, 10, 4, 8, 10, 5, 1, ""D0""]","[11, 6, 9]",10.313333333333334,10.306666657700694,0.006666675632640562,21.807484199998726,100.36500000953674,True
Instance2,9,1,"[""D1"", 3, 7, 2, 13, 14]","[0, 12]","[""D1"", 3, 7, 2, 13, 14, 13, 2, 7, ""D1""]","[0, 12]","[""D1"", 3, 7, 2, 13, 14, 13, 2, 7, ""D1""]","[0, 12]",10.313333333333334,10.306666657700694,0.006666675632640562,21.807484199998726,100.36500000953674,True
Instance3,0,0,"[""D0"", 5, 9, 11, 2, 14, 14, 2, 11, 7]","[4, 1, 13]","[""D0"", 5, 9, 11, 2, 14, 2, 11, 7, 11, 9, ""D0""]","[4, 1, 13]","[""D0"", 5, 9, 11, 7, 13, 6, 13, 7, 11, 9, 5, ""D0""]","[3, 2]",10.92,10.506666666666666,0.413333333333334,21.084330699995917,100.22100019454956,True
Instance3,0,3,"[""D3"", 8, 0, 10, 3, 10, 0, 8]","[12, 6]","[""D3"", 8, 0, 10, 3, 10, 0, 8, ""D3""]","[12, 6]","[""D3"", 8, 12, 4, 1, 14, 1, 4, 12, 8, ""D3""]","[0, 10]",10.92,10.506666666666666,0.413333333333334,21.084330699995917,100.22100019454956,True
Instance3,1,0,"[""D0"", 5, 9, 11, 2, 14, 1, 14, 2, 11]","[4, 13, 7]","[""D0"", 5, 9, 11, 2, 14, 1, 14, 2, 11, 9, ""D0""]","[4, 13, 7]","[""D0"", 5, 9, 11, 2, 14, 1, 14, 2, 11, 9, 5, ""D0""]","[4, 13, 7]",10.92,10.506666666666666,0.413333333333334,21.084330699995917,100.22100019454956,True
Instance3,1,3,"[""D3"", 8, 0, 10, 3, 10, 0, 8]","[12, 6]","[""D3"", 8, 0, 10, 3, 10, 0, 8, ""D3""]","[12, 6]","[""D3"", 0, 10, 3, 10, 0, ""D3""]","[8, 12, 6]",10.92,10.506666666666666,0.413333333333334,21.084330699995917,100.22100019454956,True
Instance3,2,0,"[""D0"", 5, 9, 11, 2, 14, 1, 14, 2, 11]","[4, 13, 7]","[""D0"", 5, 9, 11, 2, 14, 1, 14, 2, 11, 9, ""D0""]","[4, 13, 7]","[""D0"", 9, 11, 2, 14, 1, 14, 2, 11, 9, ""D0""]","[5, 4, 13, 7]",10.92,10.506666666666666,0.413333333333334,21.084330699995917,100.22100019454956,True
Instance3,2,3,"[""D3"", 8, 0, 10, 3, 10, 0, 8]","[12, 6]","[""D3"", 8, 0, 10, 3, 10, 0, 8, ""D3""]","[12, 6]","[""D3"", 0, 10, 3, 10, 0, ""D3""]","[8, 12, 6]",10.92,10.506666666666666,0.413333333333334,21.084330699995917,100.22100019454956,True
Instance3,3,0,"[""D0"", 5, 9, 11, 2, 14, 14, 2, 11, 7]","[4, 1, 13]","[""D0"", 5, 9, 11, 2, 14, 2, 11, 7, 11, 9, ""D0""]","[4, 1, 13]","[""D0"", 9, 11, 2, 14, 2, 11, 7, 11, 9, ""D0""]","[5, 3, 13]",10.92,10.506666666666666,0.413333333333334,21.084330699995917,100.22100019454956,True
Instance3,3,3,"[""D3"", 8, 0, 10, 3, 10, 0, 8]","[12, 6]","[""D3"", 8, 0, 10, 3, 10, 0, 8, ""D3""]","[12, 6]","[""D3"", 8, 12, 4, 1, 4, 12, 8, ""D3""]","[0, 10, 6]",10.92,10.506666666666666,0.413333333333334,21.084330699995917,100.22100019454956,True
Instance3,4,0,"[""D0"", 5, 9, 11, 2, 14, 1, 14, 2, 11]","[4, 13, 6]","[""D0"", 5, 9, 11, 2, 14, 1, 14, 2, 11, 9, ""D0""]","[4, 13, 6]","[""D0"", 5, 9, 11, 7, 11, 9, ""D0""]","[3, 13]",10.92,10.506666666666666,0.413333333333334,21.084330699995917,100.22100019454956,True
Instance3,4,3,"[""D3"", 8, 0, 10, 3, 10, 0, 8]","[12, 7]","[""D3"", 8, 0, 10, 3, 10, 0, 8, ""D3""]","[12, 7]","[""D3"", 8, 12, 4, 1, 14, 2, 14, 1, 4, 12, ""D3""]","[0, 10, 6]",10.92,10.506666666666666,0.413333333333334,21.084330699995917,100.22100019454956,True
Instance3,5,0,"[""D0"", 5, 9, 11, 2, 14, 14, 2, 11, 7]","[4, 1, 13]","[""D0"", 5, 9, 11, 2, 14, 2, 11, 7, 11, 9, ""D0""]","[4, 1, 13]","[""D0"", 5, 9, 11, 2, 14, 2, 11, 7, 11, 9, ""D0""]","[4, 1, 13]",10.92,10.506666666666666,0.413333333333334,21.084330699995917,100.22100019454956,True
Instance3,5,3,"[""D3"", 8, 0, 10, 3, 10, 0, 8]","[12, 6]","[""D3"", 8, 0, 10, 3, 10, 0, 8, ""D3""]","[12, 6]","[""D3"", 8, 0, 10, 3, 10, 0, ""D3""]","[12, 6]",10.92,10.506666666666666,0.413333333333334,21.084330699995917,100.22100019454956,True
Instance3,6,0,"[""D0"", 5, 9, 11, 2, 14, 14, 2, 11, 7]","[4, 1, 13]","[""D0"", 5, 9, 11, 2, 14, 2, 11, 7, 11, 9, ""D0""]","[4, 1, 13]","[""D0"", 5, 9, 11, 7, 13, 6, 13, 7, 11, 9, ""D0""]","[3, 2]",10.92,10.506666666666666,0.413333333333334,21.084330699995917,100.22100019454956,True
Instance3,6,3,"[""D3"", 8, 0, 10, 3, 10, 0, 8]","[12, 6]","[""D3"", 8, 0, 10, 3, 10, 0, 8, ""D3""]","[12, 6]","[""D3"", 8, 12, 4, 1, 14, 1, 4, 12, ""D3""]","[0, 10]",10.92,10.506666666666666,0.413333333333334,21.084330699995917,100.22100019454956,True
Instance3,7,0,"[""D0"", 5, 9, 11, 7, 13, 6, 13, 7, 11]","[3, 2]","[""D0"", 5, 9, 11, 7, 13, 6, 13, 7, 11, 9, ""D0""]","[3, 2]","[""D0"", 5, 9, 11, 7, 13, 6, 13, 7, 11, 9, ""D0""]","[3, 2]",10.92,10.506666666666666,0.413333333333334,21.084330699995917,100.22100019454956,True
Instance3,7,3,"[""D3"", 8, 12, 4, 1, 14]","[0, 10]","[""D3"", 8, 12, 4, 1, 14, 1, 4, 12, ""D3""]","[0, 10]","[""D3"", 12, 4, 1, 14, 1, 4, 12, ""D3""]","[8, 0, 10]",10.92,10.506666666666666,0.413333333333334,21.084330699995917,100.22100019454956,True
Instance3,8,0,"[""D0"", 5, 9, 11, 11, 7, 13, 6]","[4, 1, 14]","[""D0"", 5, 9, 11, 7, 13, 6, 13, 7, 11, 9, ""D0""]","[4, 1, 14]","[""D0"", 9, 11, 7, 11, 9, ""D0""]","[5, 3, 13]",10.92,10.506666666666666,0.413333333333334,21.084330699995917,100.22100019454956,True
Instance3,8,3,"[""D3"", 8, 0, 10, 3, 10, 0, 8]","[12, 2]","[""D3"", 8, 0, 10, 3, 10, 0, 8, ""D3""]","[12, 2]","[""D3"", 12, 4, 1, 14, 2, 14, 1, 4, 12, ""D3""]","[8, 0, 10, 6]",10.92,10.506666666666666,0.413333333333334,21.084330699995917,100.22100019454956,True
Instance3,9,0,"[""D0"", 5, 9, 11, 2, 14, 14, 2, 11, 7]","[4, 1, 13]","[""D0"", 5, 9, 11, 2, 14, 2, 11, 7, 11, 9, ""D0""]","[4, 1, 13]","[""D0"", 5, 9, 11, 2, 14, 2, 11, 7, 11, 9, 5, ""D0""]","[4, 1, 13]",10.92,10.506666666666666,0.413333333333334,21.084330699995917,100.22100019454956,True
Instance3,9,3,"[""D3"", 8, 0, 10, 3, 10, 0, 8]","[12, 6]","[""D3"", 8, 0, 10, 3, 10, 0, 8, ""D3""]","[12, 6]","[""D3"", 8, 0, 10, 3, 10, 0, ""D3""]","[12, 6]",10.92,10.506666666666666,0.413333333333334,21.084330699995917,100.22100019454956,True
Instance4,0,1,"[""D1"", 5, 7, 7, 3, 11, 3, 12, 2, 2, 12, 3, 7]","[14, 13, 9]","[""D1"", 5, 7, 3, 11, 3, 12, 2, 12, 3, 7, ""D1""]","[14, 13, 9]","[""D1"", 7, 3, 7, 11, 3, 12, 2, 12, 3, 11, 7, ""D1""]","[5, 14, 13, 9]",9.386666666666668,8.909999985890655,0.47666668077601315,22.983206099997915,100.42700004577637,True
Instance4,0,2,"[""D2"", 10, 1, 0, 4]","[8, 6]","[""D2"", 10, 1, 0, 4, ""D2""]","[8, 6]","[""D2"", 10, 1, 0, 4, ""D2""]","[8, 6]",9.386666666666668,8.909999985890655,0.47666668077601315,22.983206099997915,100.42700004577637,True
Instance4,1,1,"[""D1"", 5, 7, 7, 7, 3, 11, 3, 12]","[14, 13, 2]","[""D1"", 5, 7, 3, 11, 3, 12, 3, 7, ""D1""]","[14, 13, 2]","[""D1"", 5, 7, 3, 11, 3, 12, 3, 7, 5, 11, ""D1""]","[14, 13, 2]",9.386666666666668,8.909999985890655,0.47666668077601315,22.983206099997915,100.42700004577637,True
Instance4,1,2,"[""D2"", 10, 10, 8, 6, 9]","[1, 0, 4]","[""D2"", 10, 8, 6, 9, 6, ""D2""]","[1, 0, 4]","[""D2"", 10, 4, 8, 4, 10, 6, 8, 6, ""D2""]","[1, 0, 9]",9.386666666666668,8.909999985890655,0.47666668077601315,22.983206099997915,100.42700004577637,True
Instance4,2,1,"[""D1"", 5, 7, 3, 11]","[14, 13, 12]","[""D1"", 5, 7, 3, 11, ""D1""]","[14, 13, 12]","[""D1"", 5, 7, 3, 11, ""D1""]","[14, 13, 12]",9.386666666666668,8.909999985890655,0.47666668077601315,22.983206099997915,100.42700004577637,True
Instance4,2,2,"[""D2"", 10, 10, 8, 6, 9, 2]","[1, 0, 4]","[""D2"", 10, 8, 6, 9, 2, 9, 6, ""D2""]","[1, 0, 4]","[""D2"", 8, 6, 9, 2, 9, 6, 8, ""D2""]","[10, 1, 0, 4]",9.386666666666668,8.909999985890655,0.47666668077601315,22.983206099997915,100.42700004577637,True
Instance4,3,1,"[""D1"", 5, 7, 7, 3, 11, 3, 12, 2, 2, 12, 3, 7]","[14, 13, 6]","[""D1"", 5, 7, 3, 11, 3, 12, 2, 12, 3, 7, ""D1""]","[14, 13, 6]","[""D1"", 5, 7, 13, 7, 3, 11, 7, ""D1""]","[14, 12]",9.386666666666668,8.909999985890655,0.47666668077601315,22.983206099997915,100.42700004577637,True
Instance4,3,2,"[""D2"", 10, 1, 0, 4]","[8, 9]","[""D2"", 10, 1, 0, 4, ""D2""]","[8, 9]","[""D2"", 8, 6, 9, 2, 9, 6, ""D2""]","[10, 1, 0, 4]",9.386666666666668,8.909999985890655,0.47666668077601315,22.983206099997915,100.42700004577637,True
Instance4,4,1,"[""D1"", 5, 7, 3, 11]","[14, 13, 12]","[""D1"", 5, 7, 3, 11, ""D1""]","[14, 13, 12]","[""D1"", 5, 7, 3, 11, 3, 12, 3, 7, 5, ""D1""]","[14, 13, 2]",9.386666666666668,8.909999985890655,0.47666668077601315,22.983206099997915,100.42700004577637,True
Instance4,4,2,"[""D2"", 10, 10, 8, 6, 9, 2]","[1, 0, 4]","[""D2"", 10, 8, 6, 9, 2, 9, 6, ""D2""]","[1, 0, 4]","[""D2"", 10, 8, 6, 9, 6, ""D2""]","[1, 0, 4]",9.386666666666668,8.909999985890655,0.47666668077601315,22.983206099997915,100.42700004577637,True
Instance4,5,1,"[""D1"", 5, 7, 7, 3, 11, 3, 12, 2, 2, 12, 3, 7]","[14, 13, 9]","[""D1"", 5, 7, 3, 11, 3, 12, 2, 12, 3, 7, ""D1""]","[14, 13, 9]","[""D1"", 5, 7, 3, 11, 3, 12, 3, 7, 11, 5, 11, 7, ""D1""]","[14, 13, 2]",9.386666666666668,8.909999985890655,0.47666668077601315,22.983206099997915,100.42700004577637,True
Instance4,5,2,"[""D2"", 10, 1, 0, 4]","[8, 6]","[""D2"", 10, 1, 0, 4, ""D2""]","[8, 6]","[""D2"", 10, 8, 6, 9, 6, 10, ""D2""]","[1, 0, 4]",9.386666666666668,8.909999985890655,0.47666668077601315,22.983206099997915,100.42700004577637,True
Instance4,6,1,"[""D1"", 5, 7, 7, 7, 3, 11, 3, 12, 2]","[14, 13, 9]","[""D1"", 5, 7, 3, 11, 3, 12, 2, 12, 3, 7, ""D1""]","[14, 13, 9]","[""D1"", 5, 7, 3, 11, 3, 12, 3, 7, 11, 7, 5, ""D1""]","[14, 13, 2]",9.386666666666668,8.909999985890655,0.47666668077601315,22.983206099997915,100.42700004577637,True
Instance4,6,2,"[""D2"", 10, 1, 0, 4]","[8, 6]","[""D2"", 10, 1, 0, 4, ""D2""]","[8, 6]","[""D2"", 10, 8, 6, 9, 6, 10, 6, 8, 10, ""D2""]","[1, 0, 4]",9.386666666666668,8.909999985890655,0.47666668077601315,22.983206099997915,100.42700004577637,True
Instance4,7,1,"[""D1"", 5, 7, 7, 3, 11, 3, 12, 2, 2, 12, 3, 7]","[14, 13, 9]","[""D1"", 5, 7, 3, 11, 3, 12, 2, 12, 3, 7, ""D1""]","[14, 13, 9]","[""D1"", 5, 7, 3, 11, 3, 12, 3, 7, 11, 7, 5, ""D1""]","[14, 13, 2]",9.386666666666668,8.909999985890655,0.47666668077601315,22.983206099997915,100.42700004577637,True
Instance4,7,2,"[""D2"", 10, 1, 0, 4]","[8, 6]","[""D2"", 10, 1, 0, 4, ""D2""]","[8, 6]","[""D2"", 10, 8, 6, 9, 6, 8, ""D2""]","[1, 0, 4]",9.386666666666668,8.909999985890655,0.47666668077601315,22.983206099997915,100.42700004577637,True
Instance4,8,1,"[""D1"", 5, 7, 7, 3, 11, 3, 12, 2, 2, 12, 3, 7]","[14, 13, 9]","[""D1"", 5, 7, 3, 11, 3, 12, 2, 12, 3, 7, ""D1""]","[14, 13, 9]","[""D1"", 5, 7, 3, 11, 3, 12, 2, 12, 3, 7, ""D1""]","[14, 13, 9]",9.386666666666668,8.909999985890655,0.47666668077601315,22.983206099997915,100.42700004577637,True
Instance4,8,2,"[""D2"", 10, 1, 0, 4]","[8, 6]","[""D2"", 10, 1, 0, 4, ""D2""]","[8, 6]","[""D2"", 10, 6, 10, 8, 6, ""D2""]","[1, 0, 4]",9.386666666666668,8.909999985890655,0.47666668077601315,22.983206099997915,100.42700004577637,True
Instance4,9,1,"[""D1"", 5, 7, 3, 11, 3, 12, 2, 2, 12, 3, 7]","[14, 13, 9]","[""D1"", 5, 7, 3, 11, 3, 12, 2, 12, 3, 7, ""D1""]","[14, 13, 9]","[""D1"", 5, 7, 3, 11, 3, 12, 3, 7, 5, ""D1""]","[14, 13, 2]",9.386666666666668,8.909999985890655,0.47666668077601315,22.983206099997915,100.42700004577637,True
Instance4,9,2,"[""D2"", 10, 1, 0, 4]","[8, 6]","[""D2"", 10, 1, 0, 4, ""D2""]","[8, 6]","[""D2"", 10, 8, 6, 9, 6, ""D2""]","[1, 0, 4]",9.386666666666668,8.909999985890655,0.47666668077601315,22.983206099997915,100.42700004577637,True
Instance5,0,2,"[""D2"", 5, 4, 6, 11, 8, 11]","[9, 1]","[""D2"", 5, 4, 6, 11, 8, 11, 6, ""D2""]","[9, 1]","[""D2"", 5, 4, 5, 6, 4, 6, 11, 8, 5, 8, 11, 6, ""D2""]","[9, 13]",10.383333333333335,9.876666401027084,0.5066669323062509,19.533039299996744,100.31900000572205,True
Instance5,0,4,"[""D4"", 10, 2, 12, 7, 12, 0, 12, 2, 10]","[14, 13, 3]","[""D4"", 10, 2, 12, 7, 12, 0, 12, 2, 10, ""D4""]","[14, 13, 3]","[""D4"", 10, 2, 12, 7, 12, 0, 1, 0, 12, 2, ""D4""]","[14, 3]",10.383333333333335,9.876666401027084,0.5066669323062509,19.533039299996744,100.31900000572205,True
Instance5,1,2,"[""D2"", 5, 4, 6, 11, 11, 8]","[9, 1]","[""D2"", 5, 4, 6, 11, 8, ""D2""]","[9, 1]","[""D2"", 5, 4, 6, 11, 8, 5, 6, 4, 5, 8, ""D2""]","[9, 1]",10.383333333333335,9.876666401027084,0.5066669323062509,19.533039299996744,100.31900000572205,True
Instance5,1,4,"[""D4"", 10, 2, 12, 7, 12, 0, 12, 2, 10]","[14, 13, 3]","[""D4"", 10, 2, 12, 7, 12, 0, 12, 2, 10, ""D4""]","[14, 13, 3]","[""D4"", 10, 2, 12, 7, 12, 0, 12, 2, ""D4""]","[14, 13, 3]",10.383333333333335,9.876666401027084,0.5066669323062509,19.533039299996744,100.31900000572205,True
Instance5,2,2,"[""D2"", 5, 4, 6, 11, 1, 11]","[9, 8]","[""D2"", 5, 4, 6, 11, 1, 11, 6, ""D2""]","[9, 8]","[""D2"", 4, 6, 11, 8, ""D2""]","[5, 9, 13]",10.383333333333335,9.876666401027084,0.5066669323062509,19.533039299996744,100.31900000572205,True
Instance5,2,4,"[""D4"", 10, 2, 12, 7, 12, 0, 12, 2, 10]","[14, 13, 3]","[""D4"", 10, 2, 12, 7, 12, 0, 12, 2, 10, ""D4""]","[14, 13, 3]","[""D4"", 10, 2, 12, 7, 12, 0, 1, 0, 12, 2, ""D4""]","[14, 3]",10.383333333333335,9.876666401027084,0.5066669323062509,19.533039299996744,100.31900000572205,True
Instance5,3,2,"[""D2"", 5, 6, 4, 6, 11, 11, 1, 0]","[9, 8]","[""D2"", 5, 6, 4, 6, 11, 1, 0, 1, 11, 6, ""D2""]","[9, 8]","[""D2"", 5, 6, 4, 6, 11, 1, 11, 6, ""D2""]","[9, 8]",10.383333333333335,9.876666401027084,0.5066669323062509,19.533039299996744,100.31900000572205,True
Instance5,3,4,"[""D4"", 10, 14, 13, 3]","[2, 12, 7]","[""D4"", 10, 14, 13, 3, 13, 14, ""D4""]","[2, 12, 7]","[""D4"", 2, 12, 7, 12, 0, 12, 2, ""D4""]","[10, 14, 13, 3]",10.383333333333335,9.876666401027084,0.5066669323062509,19.533039299996744,100.31900000572205,True
Instance5,4,2,"[""D2"", 5, 6, 4, 6, 5, 8]","[9, 13]","[""D2"", 5, 6, 4, 6, 5, 8, ""D2""]","[9, 13]","[""D2"", 5, 6, 4, 5, 8, 5, ""D2""]","[9, 11]",10.383333333333335,9.876666401027084,0.5066669323062509,19.533039299996744,100.31900000572205,True
Instance5,4,4,"[""D4"", 10, 2, 12, 0, 1, 11]","[14, 7, 3]","[""D4"", 10, 2, 12, 0, 1, 11, 1, 0, 12, 2, ""D4""]","[14, 7, 3]","[""D4"", 10, 2, 12, 7, 12, 0, 1, 0, 12, 2, ""D4""]","[14, 13, 3]",10.383333333333335,9.876666401027084,0.5066669323062509,19.533039299996744,100.31900000572205,True
Instance5,5,2,"[""D2"", 5, 6, 4, 6, 11, 11]","[9, 8]","[""D2"", 5, 6, 4, 6, 11, 6, ""D2""]","[9, 8]","[""D2"", 5, 6, 4, 6, 5, 8, ""D2""]","[9, 11]",10.383333333333335,9.876666401027084,0.5066669323062509,19.533039299996744,100.31900000572205,True
Instance5,5,4,"[""D4"", 10, 2, 12, 0, 1]","[14, 7, 13, 3]","[""D4"", 10, 2, 12, 0, 1, 0, 12, 2, ""D4""]","[14, 7, 13, 3]","[""D4"", 2, 12, 7, 12, 0, 1, 0, 12, 2, ""D4""]","[10, 14, 13, 3]",10.383333333333335,9.876666401027084,0.5066669323062509,19.533039299996744,100.31900000572205,True
Instance5,6,2,"[""D2"", 5, 6, 4, 6, 11, 11, 1]","[9, 8]","[""D2"", 5, 6, 4, 6, 11, 1, 11, 6, ""D2""]","[9, 8]","[""D2"", 6, 4, 6, 11, 6, ""D2""]","[5, 9, 8]",10.383333333333335,9.876666401027084,0.5066669323062509,19.533039299996744,100.31900000572205,True
Instance5,6,4,"[""D4"", 10, 2, 12, 12, 12, 2, 10, 14, 13, 3]","[7, 0]","[""D4"", 10, 2, 12, 2, 10, 14, 13, 3, 13, 14, ""D4""]","[7, 0]","[""D4"", 10, 2, 12, 7, 12, 0, 1, 0, 12, 2, 10, ""D4""]","[14, 13, 3]",10.383333333333335,9.876666401027084,0.5066669323062509,19.533039299996744,100.31900000572205,True
Instance5,7,2,"[""D2"", 5, 6, 4, 6, 11, 8, 11]","[9, 1]","[""D2"", 5, 6, 4, 6, 11, 8, 11, 6, ""D2""]","[9, 1]","[""D2"", 5, 6, 4, 6, 11, 8, 11, 6, 5, 8, 5, ""D2""]","[9, 13]",10.383333333333335,9.876666401027084,0.5066669323062509,19.533039299996744,100.31900000572205,True
Instance5,7,4,"[""D4"", 10, 2, 12, 7, 12, 0, 12, 2, 10]","[14, 13, 3]","[""D4"", 10, 2, 12, 7, 12, 0, 12, 2, 10, ""D4""]","[14, 13, 3]","[""D4"", 10, 2, 12, 7, 12, 0, 1, 0, 12, 2, ""D4""]","[14, 3]",10.383333333333335,9.876666401027084,0.5066669323062509,19.533039299996744,100.31900000572205,True
Instance5,8,2,"[""D2"", 5, 4, 6, 11, 8, 11]","[9, 1]","[""D2"", 5, 4, 6, 11, 8, 11, 6, ""D2""]","[9, 1]","[""D2"", 5, 4, 6, 11, 8, ""D2""]","[9, 13]",10.383333333333335,9.876666401027084,0.5066669323062509,19.533039299996744,100.31900000572205,True
Instance5,8,4,"[""D4"", 10, 2, 12, 12, 12, 2, 10, 14, 13, 3]","[7, 0]","[""D4"", 10, 2, 12, 2, 10, 14, 13, 3, 13, 14, ""D4""]","[7, 0]","[""D4"", 10, 2, 12, 7, 12, 0, 1, 0, 12, 2, ""D4""]","[14, 3]",10.383333333333335,9.876666401027084,0.5066669323062509,19.533039299996744,100.31900000572205,True
Instance5,9,2,"[""D2"", 5, 6, 4, 6, 11, 11, 1]","[9, 8]","[""D2"", 5, 6, 4, 6, 11, 1, 11, 6, ""D2""]","[9, 8]","[""D2"", 5, 4, 5, 6, 4, 6, 11, 6, ""D2""]","[9, 8]",10.383333333333335,9.876666401027084,0.5066669323062509,19.533039299996744,100.31900000572205,True
Instance5,9,4,"[""D4"", 10, 2, 12, 12, 12, 2, 10, 14, 13, 3]","[7, 0]","[""D4"", 10, 2, 12, 2, 10, 14, 13, 3, 13, 14, ""D4""]","[7, 0]","[""D4"", 10, 2, 12, 7, 12, 0, 1, 0, 12, 2, ""D4""]","[14, 13, 3]",10.383333333333335,9.876666401027084,0.5066669323062509,19.533039299996744,100.31900000572205,True
Instance6,0,0,"[""D0"", 3, 1, 12, 8, 4]","[14, 11]","[""D0"", 3, 1, 12, 8, 4, ""D0""]","[14, 11]","[""D0"", 3, 1, 12, 8, 4, ""D0""]","[14, 11]",18.093333333333334,18.186666416400804,-0.09333308306747057,21.309329499999876,100.13600015640259,True
Instance6,0,1,"[""D1"", 7, 2, 0, 5, 6, 10, 9, 10, 6]",[13],"[""D1"", 7, 2, 0, 5, 6, 10, 9, 10, 6, ""D1""]",[13],"[""D1"", 7, 2, 0, 5, 6, 13, 6, ""D1""]","[10, 9]",18.093333333333334,18.186666416400804,-0.09333308306747057,21.309329499999876,100.13600015640259,True
Instance6,1,0,"[""D0"", 3]","[14, 1, 4, 11, 8, 12]","[""D0"", 3, ""D0""]","[14, 1, 4, 11, 8, 12]","[""D0"", 3, ""D0""]","[14, 1, 4, 11, 8, 12]",18.093333333333334,18.186666416400804,-0.09333308306747057,21.309329499999876,100.13600015640259,True
Instance6,1,1,"[""D1"", 7, 2]","[0, 5, 6, 10, 9, 13]","[""D1"", 7, 2, ""D1""]","[0, 5, 6, 10, 9, 13]","[""D1"", 2, ""D1""]","[7, 0, 5, 6, 10, 9, 13]",18.093333333333334,18.186666416400804,-0.09333308306747057,21.309329499999876,100.13600015640259,True
Instance6,2,0,"[""D0"", 1, 12, 8, 4]","[3, 14, 11]","[""D0"", 1, 12, 8, 4, ""D0""]","[3, 14, 11]","[""D0"", 1, 12, 8, 4, 8, 12, 1, ""D0""]","[3, 14, 11]",18.093333333333334,18.186666416400804,-0.09333308306747057,21.309329499999876,100.13600015640259,True
Instance6,2,1,"[""D1"", 7, 2, 5, 6, 10, 9, 10, 6]","[0, 13]","[""D1"", 7, 2, 5, 6, 10, 9, 10, 6, ""D1""]","[0, 13]","[""D1"", 7, 2, 0, 2, 5, 6, 7, 6, 13, 6, ""D1""]","[10, 9]",18.093333333333334,18.186666416400804,-0.09333308306747057,21.309329499999876,100.13600015640259,True
Instance6,3,0,"[""D0"", 3, 1, 12, 8, 4]","[14, 11]","[""D0"", 3, 1, 12, 8, 4, ""D0""]","[14, 11]","[""D0"", 1, 12, 8, 4, ""D0""]","[3, 14, 11]",18.093333333333334,18.186666416400804,-0.09333308306747057,21.309329499999876,100.13600015640259,True
Instance6,3,1,"[""D1"", 7, 2, 0, 5, 6, 10, 9, 10, 6]",[13],"[""D1"", 7, 2, 0, 5, 6, 10, 9, 10, 6, ""D1""]",[13],"[""D1"", 7, 2, 0, 5, 6, 10, 5, 10, 9, 10, ""D1""]",[13],18.093333333333334,18.186666416400804,-0.09333308306747057,21.309329499999876,100.13600015640259,True
Instance6,4,0,"[""D0"", 3]","[14, 1, 4, 11, 8, 12]","[""D0"", 3, ""D0""]","[14, 1, 4, 11, 8, 12]","[""D0"", 3, ""D0""]","[14, 1, 4, 11, 8, 12]",18.093333333333334,18.186666416400804,-0.09333308306747057,21.309329499999876,100.13600015640259,True
Instance6,4,1,"[""D1""]","[7, 2, 0, 5, 6, 10, 9, 13]","[""D1"", 7, ""D1""]","[2, 0, 5, 6, 10, 9, 13]","[""D1"", 7, ""D1""]","[2, 0, 5, 6, 10, 9, 13]",18.093333333333334,18.186666416400804,-0.09333308306747057,21.309329499999876,100.13600015640259,True
Instance6,5,0,"[""D0"", 1, 12, 8, 4]","[3, 14, 11]","[""D0"", 1, 12, 8, 4, ""D0""]","[3, 14, 11]","[""D0"", 3, 14, 11, 14, 1, 12, 1, ""D0""]","[4, 8]",18.093333333333334,18.186666416400804,-0.09333308306747057,21.309329499999876,100.13600015640259,True
Instance6,5,1,"[""D1"", 7, 2, 0, 5, 6, 13]","[10, 9]","[""D1"", 7, 2, 0, 5, 6, 13, 6, ""D1""]","[10, 9]","[""D1"", 2, 0, 2, 5, 0, 5, 10, 9, 10, ""D1""]","[7, 6, 13]",18.093333333333334,18.186666416400804,-0.09333308306747057,21.309329499999876,100.13600015640259,True
Instance6,6,0,"[""D0"", 3]","[14, 1, 4, 11, 8, 12]","[""D0"", 3, ""D0""]","[14, 1, 4, 11, 8, 12]","[""D0"", 3, ""D0""]","[14, 1, 4, 11, 8, 12]",18.093333333333334,18.186666416400804,-0.09333308306747057,21.309329499999876,100.13600015640259,True
Instance6,6,1,"[""D1"", 7, 2]","[0, 5, 6, 10, 9, 13]","[""D1"", 7, 2, ""D1""]","[0, 5, 6, 10, 9, 13]","[""D1"", 7, 2, ""D1""]","[0, 5, 6, 10, 9, 13]",18.093333333333334,18.186666416400804,-0.09333308306747057,21.309329499999876,100.13600015640259,True
Instance6,7,0,"[""D0"", 3]","[14, 1, 4, 11, 8, 12]","[""D0"", 3, ""D0""]","[14, 1, 4, 11, 8, 12]","[""D0"", 3, ""D0""]","[14, 1, 4, 11, 8, 12]",18.093333333333334,18.186666416400804,-0.09333308306747057,21.309329499999876,100.13600015640259,True
Instance6,7,1,"[""D1"", 7, 2]","[0, 5, 6, 10, 9, 13]","[""D1"", 7, 2, ""D1""]","[0, 5, 6, 10, 9, 13]","[""D1"", 7, 2, ""D1""]","[0, 5, 6, 10, 9, 13]",18.093333333333334,18.186666416400804,-0.09333308306747057,21.309329499999876,100.13600015640259,True
Instance6,8,0,"[""D0"", 3]","[14, 1, 4, 11, 8, 12]","[""D0"", 3, ""D0""]","[14, 1, 4, 11, 8, 12]","[""D0"", 3, ""D0""]","[14, 1, 4, 11, 8, 12]",18.093333333333334,18.186666416400804,-0.09333308306747057,21.309329499999876,100.13600015640259,True
Instance6,8,1,"[""D1"", 2, 2]","[7, 0, 5, 6, 10, 9, 13]","[""D1"", 2, ""D1""]","[7, 0, 5, 6, 10, 9, 13]","[""D1"", 7, 2, ""D1""]","[0, 5, 6, 10, 9, 13]",18.093333333333334,18.186666416400804,-0.09333308306747057,21.309329499999876,100.13600015640259,True
Instance6,9,0,"[""D0"", 1, 12, 8]","[3, 14, 4, 11]","[""D0"", 1, 12, 8, 1, ""D0""]","[3, 14, 4, 11]","[""D0"", 3, 14, 11, 3, 1, 12, 1, 3, ""D0""]","[4, 8]",18.093333333333334,18.186666416400804,-0.09333308306747057,21.309329499999876,100.13600015640259,True
Instance6,9,1,"[""D1"", 7, 2, 0, 5, 6, 6, 10, 9]",[13],"[""D1"", 7, 2, 0, 5, 6, 10, 9, 10, ""D1""]",[13],"[""D1"", 7, 2, 0, 5, 2, 5, 6, 10, 7, 10, 9, 10, ""D1""]",[13],18.093333333333334,18.186666416400804,-0.09333308306747057,21.309329499999876,100.13600015640259,True
Instance7,0,1,"[""D1"", 5, 14, 4, 9]","[6, 12, 3]","[""D1"", 5, 14, 4, 9, 14, ""D1""]","[6, 12, 3]","[""D1"", 14, 4, 9, 4, 14, ""D1""]","[5, 6, 12, 3]",88.95333333333333,88.95666381701703,-0.0033304836836975937,38.279189799999585,100.20600008964539,True
Instance7,0,3,"[""D3"", 8, 2, 13, 10, 2, 11, 11, 11]","[1, 7, 0]","[""D3"", 8, 2, 13, 10, 2, 11, 2, ""D3""]","[1, 7, 0]","[""D3"", 8, 2, 10, 2, 11, 2, 13, 10, 13, 2, ""D3""]","[1, 7, 0]",88.95333333333333,88.95666381701703,-0.0033304836836975937,38.279189799999585,100.20600008964539,True
Instance7,1,1,"[""D1"", 5, 6, 12, 9, 14]","[4, 3]","[""D1"", 5, 6, 12, 9, 14, ""D1""]","[4, 3]","[""D1"", 5, 6, 12, 9, 14, 5, 14, ""D1""]","[4, 3]",88.95333333333333,88.95666381701703,-0.0033304836836975937,38.279189799999585,100.20600008964539,True
Instance7,1,3,"[""D3"", 8, 2, 13, 10, 2, 11, 11, 11]","[1, 7, 0]","[""D3"", 8, 2, 13, 10, 2, 11, 2, ""D3""]","[1, 7, 0]","[""D3"", 8, 2, 10, 2, 11, 2, 13, 10, 13, 2, ""D3""]","[1, 7, 0]",88.95333333333333,88.95666381701703,-0.0033304836836975937,38.279189799999585,100.20600008964539,True
Instance7,2,1,"[""D1"", 5, 5, 14, 14, 4, 9]","[6, 12, 3]","[""D1"", 5, 14, 4, 9, 14, ""D1""]","[6, 12, 3]","[""D1"", 5, 14, 4, 9, 4, 14, 9, 14, ""D1""]","[6, 12, 3]",88.95333333333333,88.95666381701703,-0.0033304836836975937,38.279189799999585,100.20600008964539,True
Instance7,2,3,"[""D3"", 8, 2, 13, 10, 2, 2, 11, 11, 11]","[1, 7, 0]","[""D3"", 8, 2, 13, 10, 2, 11, 2, ""D3""]","[1, 7, 0]","[""D3"", 2, 10, 2, 11, 2, 13, 10, 13, 2, ""D3""]","[8, 1, 7, 0]",88.95333333333333,88.95666381701703,-0.0033304836836975937,38.279189799999585,100.20600008964539,True
Instance7,3,1,"[""D1"", 5, 5, 14, 14, 4, 9]","[6, 12, 3]","[""D1"", 5, 14, 4, 9, 14, ""D1""]","[6, 12, 3]","[""D1"", 14, 4, 14, 9, 14, ""D1""]","[5, 6, 12, 3]",88.95333333333333,88.95666381701703,-0.0033304836836975937,38.279189799999585,100.20600008964539,True
Instance7,3,3,"[""D3"", 8, 2, 13, 10, 2, 11, 11, 11]","[1, 7, 0]","[""D3"", 8, 2, 13, 10, 2, 11, 2, ""D3""]","[1, 7, 0]","[""D3"", 2, 10, 2, 11, 2, 13, 10, 13, 2, ""D3""]","[8, 1, 7, 0]",88.95333333333333,88.95666381701703,-0.0033304836836975937,38.279189799999585,100.20600008964539,True
Instance7,4,1,"[""D1"", 5, 5, 14, 9, 14, 4]","[6, 12, 3]","[""D1"", 5, 14, 9, 14, 4, 14, ""D1""]","[6, 12, 3]","[""D1"", 14, 4, 9, 4, 14, 9, 14, ""D1""]","[5, 6, 12, 3]",88.95333333333333,88.95666381701703,-0.0033304836836975937,38.279189799999585,100.20600008964539,True
Instance7,4,3,"[""D3"", 8, 2, 13, 10, 2, 11, 11, 11]","[1, 7, 0]","[""D3"", 8, 2, 13, 10, 2, 11, 2, ""D3""]","[1, 7, 0]","[""D3"", 8, 2, 13, 10, 2, 11, 2, ""D3""]","[1, 7, 0]",88.95333333333333,88.95666381701703,-0.0033304836836975937,38.279189799999585,100.20600008964539,True
Instance7,5,1,"[""D1"", 5, 6, 12, 9, 14, 4]",[],"[""D1"", 5, 6, 12, 9, 14, 4, 14, ""D1""]",[],"[""D1"", 5, 6, 12, 6, 5, 14, 4, 14, 9, 12, ""D1""]",[],88.95333333333333,88.95666381701703,-0.0033304836836975937,38.279189799999585,100.20600008964539,True
Instance7,5,3,"[""D3"", 8, 2, 13, 10, 2, 11, 0, 11, 7, 11, 3]",[1],"[""D3"", 8, 2, 13, 10, 2, 11, 0, 11, 7, 11, 3, 11, 2, ""D3""]",[1],"[""D3"", 8, 1, 8, 2, 13, 10, 13, 2, 11, 0, 11, 3, 11, 2, 8, ""D3""]",[7],88.95333333333333,88.95666381701703,-0.0033304836836975937,38.279189799999585,100.20600008964539,True
Instance7,6,1,"[""D1"", 5, 14, 4, 9]","[6, 12, 3]","[""D1"", 5, 14, 4, 9, 14, ""D1""]","[6, 12, 3]","[""D1"", 5, 14, 4, 9, 14, 5, ""D1""]","[6, 12, 3]",88.95333333333333,88.95666381701703,-0.0033304836836975937,38.279189799999585,100.20600008964539,True
Instance7,6,3,"[""D3"", 8, 2, 13, 10, 2, 2, 11, 11, 11]","[1, 7, 0]","[""D3"", 8, 2, 13, 10, 2, 11, 2, ""D3""]","[1, 7, 0]","[""D3"", 8, 2, 13, 10, 2, 11, 2, ""D3""]","[1, 7, 0]",88.95333333333333,88.95666381701703,-0.0033304836836975937,38.279189799999585,100.20600008964539,True
Instance7,7,1,"[""D1"", 5, 14, 4, 9]","[6, 12, 3]","[""D1"", 5, 14, 4, 9, 14, ""D1""]","[6, 12, 3]","[""D1"", 14, 4, 9, 4, 14, ""D1""]","[5, 6, 12, 3]",88.95333333333333,88.95666381701703,-0.0033304836836975937,38.279189799999585,100.20600008964539,True
Instance7,7,3,"[""D3"", 8, 2, 13, 10, 13, 2, 11, 11, 11]","[1, 7, 0]","[""D3"", 8, 2, 13, 10, 13, 2, 11, 2, ""D3""]","[1, 7, 0]","[""D3"", 8, 2, 13, 10, 13, 2, 11, 2, ""D3""]","[1, 7, 0]",88.95333333333333,88.95666381701703,-0.0033304836836975937,38.279189799999585,100.20600008964539,True
Instance7,8,1,"[""D1"", 5, 14, 4, 9]","[6, 12, 3]","[""D1"", 5, 14, 4, 9, 14, ""D1""]","[6, 12, 3]","[""D1"", 14, 4, 14, 9, 14, ""D1""]","[5, 6, 12, 3]",88.95333333333333,88.95666381701703,-0.0033304836836975937,38.279189799999585,100.20600008964539,True
Instance7,8,3,"[""D3"", 2, 13, 10, 2, 2, 11, 11, 11]","[8, 1, 7, 0]","[""D3"", 2, 13, 10, 2, 11, 2, ""D3""]","[8, 1, 7, 0]","[""D3"", 8, 2, 13, 10, 2, 11, 2, ""D3""]","[1, 7, 0]",88.95333333333333,88.95666381701703,-0.0033304836836975937,38.279189799999585,100.20600008964539,True
Instance7,9,1,"[""D1"", 5, 5, 14, 14, 4, 9]","[6, 12, 3]","[""D1"", 5, 14, 4, 9, 14, ""D1""]","[6, 12, 3]","[""D1"", 14, 4, 9, 14, ""D1""]","[5, 6, 12, 3]",88.95333333333333,88.95666381701703,-0.0033304836836975937,38.279189799999585,100.20600008964539,True
Instance7,9,3,"[""D3"", 8, 2, 13, 10, 2, 2, 11, 11, 11]","[1, 7, 0]","[""D3"", 8, 2, 13, 10, 2, 11, 2, ""D3""]","[1, 7, 0]","[""D3"", 8, 2, 13, 10, 2, 11, 2, ""D3""]","[1, 7, 0]",88.95333333333333,88.95666381701703,-0.0033304836836975937,38.279189799999585,100.20600008964539,True
Instance8,0,0,"[""D0"", 1, 11, 11, 2, 5, 6]","[10, 8]","[""D0"", 1, 11, 2, 5, 6, 5, 2, ""D0""]","[10, 8]","[""D0"", 1, 2, 5, 6, 7, 6, 5, 2, ""D0""]","[11, 10, 8]",7.460000000000001,7.4233332041922555,0.036666795807745345,24.372154199998477,100.65000009536743,True
Instance8,0,4,"[""D4"", 14, 14, 12, 12, 4, 13, 3, 7]","[9, 0]","[""D4"", 14, 12, 4, 13, 3, 7, 4, 12, ""D4""]","[9, 0]","[""D4"", 12, 4, 13, 3, 13, 4, 12, ""D4""]","[14, 9, 0]",7.460000000000001,7.4233332041922555,0.036666795807745345,24.372154199998477,100.65000009536743,True
Instance8,1,0,"[""D0"", 1, 2, 5, 6]","[11, 10, 8]","[""D0"", 1, 2, 5, 6, 5, 2, ""D0""]","[11, 10, 8]","[""D0"", 1, 11, 1, 2, 5, 6, 5, 2, ""D0""]","[10, 8]",7.460000000000001,7.4233332041922555,0.036666795807745345,24.372154199998477,100.65000009536743,True
Instance8,1,4,"[""D4"", 14, 14, 12, 12, 4, 13, 3, 7]","[9, 0]","[""D4"", 14, 12, 4, 13, 3, 7, 3, 13, ""D4""]","[9, 0]","[""D4"", 14, 12, 4, 13, 3, 7, 4, 3, 4, 12, 14, 13, 14, ""D4""]","[9, 0]",7.460000000000001,7.4233332041922555,0.036666795807745345,24.372154199998477,100.65000009536743,True
Instance8,2,0,"[""D0"", 1, 11, 11, 2, 5, 6]","[10, 8]","[""D0"", 1, 11, 2, 5, 6, 5, 2, ""D0""]","[10, 8]","[""D0"", 11, 2, 5, 6, 5, 2, 11, ""D0""]","[1, 10, 8]",7.460000000000001,7.4233332041922555,0.036666795807745345,24.372154199998477,100.65000009536743,True
Instance8,2,4,"[""D4"", 14, 14, 12, 12, 4, 13, 3, 7]","[9, 0]","[""D4"", 14, 12, 4, 13, 3, 7, 4, 12, ""D4""]","[9, 0]","[""D4"", 14, 12, 4, 3, 4, 12, 14, 13, 3, 7, 3, 13, 4, 13, 14, ""D4""]","[9, 0]",7.460000000000001,7.4233332041922555,0.036666795807745345,24.372154199998477,100.65000009536743,True
Instance8,3,0,"[""D0"", 1, 11, 10, 10, 11, 2, 5]","[8, 6]","[""D0"", 1, 11, 10, 11, 2, 5, 2, ""D0""]","[8, 6]","[""D0"", 11, 10, 11, 2, 5, 2, ""D0""]","[1, 8, 6]",7.460000000000001,7.4233332041922555,0.036666795807745345,24.372154199998477,100.65000009536743,True
Instance8,3,4,"[""D4"", 14, 14, 12, 12, 4, 13, 3, 7]","[9, 0]","[""D4"", 14, 12, 4, 13, 3, 7, 3, 13, ""D4""]","[9, 0]","[""D4"", 14, 12, 4, 3, 7, 4, 13, 3, 13, 14, 13, ""D4""]","[9, 0]",7.460000000000001,7.4233332041922555,0.036666795807745345,24.372154199998477,100.65000009536743,True
Instance8,4,0,"[""D0"", 1, 2, 5, 6]","[11, 10, 8]","[""D0"", 1, 2, 5, 6, 5, 2, ""D0""]","[11, 10, 8]","[""D0"", 1, 11, 1, 2, 5, 6, 5, 2, ""D0""]","[10, 8]",7.460000000000001,7.4233332041922555,0.036666795807745345,24.372154199998477,100.65000009536743,True
Instance8,4,4,"[""D4"", 14, 14, 12, 12, 4, 13, 3, 7]","[9, 0]","[""D4"", 14, 12, 4, 13, 3, 7, 3, 13, ""D4""]","[9, 0]","[""D4"", 14, 12, 4, 13, 3, 7, 3, 13, 14, 13, 4, 12, ""D4""]","[9, 0]",7.460000000000001,7.4233332041922555,0.036666795807745345,24.372154199998477,100.65000009536743,True
Instance8,5,0,"[""D0"", 1, 2, 5, 6, 7]","[11, 10, 8]","[""D0"", 1, 2, 5, 6, 7, 6, 5, 2, ""D0""]","[11, 10, 8]","[""D0"", 2, 5, 6, 7, 6, 5, 2, ""D0""]","[1, 11, 10, 8]",7.460000000000001,7.4233332041922555,0.036666795807745345,24.372154199998477,100.65000009536743,True
Instance8,5,4,"[""D4"", 14, 14, 12, 12, 4, 13, 3]","[9, 0]","[""D4"", 14, 12, 4, 13, 3, 13, ""D4""]","[9, 0]","[""D4"", 14, 12, 4, 13, 3, 13, ""D4""]","[9, 0]",7.460000000000001,7.4233332041922555,0.036666795807745345,24.372154199998477,100.65000009536743,True
Instance8,6,0,"[""D0"", 1, 11, 11, 2, 5, 6]","[10, 8]","[""D0"", 1, 11, 2, 5, 6, 5, 2, ""D0""]","[10, 8]","[""D0"", 1, 11, 2, 5, 6, 5, 2, 11, ""D0""]","[10, 8]",7.460000000000001,7.4233332041922555,0.036666795807745345,24.372154199998477,100.65000009536743,True
Instance8,6,4,"[""D4"", 14, 14, 12, 12, 4, 13, 3, 7]","[9, 0]","[""D4"", 14, 12, 4, 13, 3, 7, 3, 13, ""D4""]","[9, 0]","[""D4"", 14, 12, 4, 3, 4, 12, 14, 13, 3, 7, 3, 13, 4, 13, ""D4""]","[9, 0]",7.460000000000001,7.4233332041922555,0.036666795807745345,24.372154199998477,100.65000009536743,True
Instance8,7,0,"[""D0"", 1, 11, 10, 8, 10, 11]","[2, 5]","[""D0"", 1, 11, 10, 8, 10, 11, ""D0""]","[2, 5]","[""D0"", 2, 5, 6, 5, 2, ""D0""]","[1, 11, 10, 8]",7.460000000000001,7.4233332041922555,0.036666795807745345,24.372154199998477,100.65000009536743,True
Instance8,7,4,"[""D4"", 14, 14, 12, 12, 4, 13, 3, 7, 6]","[9, 0]","[""D4"", 14, 12, 4, 13, 3, 7, 6, 7, 3, 13, ""D4""]","[9, 0]","[""D4"", 12, 4, 13, 3, 7, 3, 13, ""D4""]","[14, 9, 0]",7.460000000000001,7.4233332041922555,0.036666795807745345,24.372154199998477,100.65000009536743,True
Instance8,8,0,"[""D0"", 1, 2, 5, 6, 7]","[11, 10, 8]","[""D0"", 1, 2, 5, 6, 7, 6, 5, 2, ""D0""]","[11, 10, 8]","[""D0"", 1, 2, 5, 6, 7, 6, 5, 2, ""D0""]","[11, 10, 8]",7.460000000000001,7.4233332041922555,0.036666795807745345,24.372154199998477,100.65000009536743,True
Instance8,8,4,"[""D4"", 14, 12, 12, 12, 4, 13, 3]","[9, 0]","[""D4"", 14, 12, 4, 13, 3, 13, ""D4""]","[9, 0]","[""D4"", 12, 4, 13, 3, 13, ""D4""]","[14, 9, 0]",7.460000000000001,7.4233332041922555,0.036666795807745345,24.372154199998477,100.65000009536743,True
Instance8,9,0,"[""D0"", 1, 11, 11, 2, 5, 6]","[10, 8]","[""D0"", 1, 11, 2, 5, 6, 5, 2, ""D0""]","[10, 8]","[""D0"", 1, 2, 5, 6, 5, 2, 11, 1, 11, 2, ""D0""]","[10, 8]",7.460000000000001,7.4233332041922555,0.036666795807745345,24.372154199998477,100.65000009536743,True
Instance8,9,4,"[""D4"", 14, 14, 12, 12, 4, 13, 3, 7]","[9, 0]","[""D4"", 14, 12, 4, 13, 3, 7, 3, 13, ""D4""]","[9, 0]","[""D4"", 14, 12, 4, 3, 4, 12, 14, 13, 3, 7, 3, 13, 4, 13, 14, ""D4""]","[9, 0]",7.460000000000001,7.4233332041922555,0.036666795807745345,24.372154199998477,100.65000009536743,True
Instance9,0,2,"[""D2"", 14, 12, 7]","[6, 0, 9, 2]","[""D2"", 14, 12, 7, 12, 14, ""D2""]","[6, 0, 9, 2]","[""D2"", 6, 14, 12, 7, 12, 14, ""D2""]","[0, 9, 2]",101.69666666666669,101.44666624462798,0.25000042203870976,22.998192500002915,100.22099995613098,True
Instance9,0,4,"[""D4"", 13, 10, 11, 5, 8, 3]","[1, 4]","[""D4"", 13, 10, 11, 5, 8, 3, 8, 5, 10, ""D4""]","[1, 4]","[""D4"", 13, 10, 1, 10, 11, 5, 8, 3, 8, 5, 11, 10, 5, 10, ""D4""]",[4],101.69666666666669,101.44666624462798,0.25000042203870976,22.998192500002915,100.22099995613098,True
Instance9,1,2,"[""D2"", 6, 14, 12, 7]","[0, 9, 2]","[""D2"", 6, 14, 12, 7, 12, 14, ""D2""]","[0, 9, 2]","[""D2"", 6, 14, 12, 7, 12, 14, ""D2""]","[0, 9, 2]",101.69666666666669,101.44666624462798,0.25000042203870976,22.998192500002915,100.22099995613098,True
Instance9,1,4,"[""D4"", 13, 10, 11, 5, 8, 3]","[1, 4]","[""D4"", 13, 10, 11, 5, 8, 3, 8, 5, 10, ""D4""]","[1, 4]","[""D4"", 13, 10, 5, 8, 3, 8, 5, 10, 11, 5, 11, 10, ""D4""]","[1, 4]",101.69666666666669,101.44666624462798,0.25000042203870976,22.998192500002915,100.22099995613098,True
Instance9,2,2,"[""D2"", 6, 14, 12, 7, 4]","[0, 9, 3]","[""D2"", 6, 14, 12, 7, 4, 7, 12, 14, ""D2""]","[0, 9, 3]","[""D2"", 6, 14, 12, 7, 4, 7, 12, 14, ""D2""]","[0, 9, 3]",101.69666666666669,101.44666624462798,0.25000042203870976,22.998192500002915,100.22099995613098,True
Instance9,2,4,"[""D4"", 13, 10, 1, 11, 5, 8]",[2],"[""D4"", 13, 10, 1, 11, 5, 8, 5, 10, ""D4""]",[2],"[""D4"", 10, 1, 11, 5, 8, 5, 10, 11, 1, 10, ""D4""]","[13, 2]",101.69666666666669,101.44666624462798,0.25000042203870976,22.998192500002915,100.22099995613098,True
Instance9,3,2,"[""D2"", 6, 14, 12, 7]","[0, 9, 2]","[""D2"", 6, 14, 12, 7, 12, 14, ""D2""]","[0, 9, 2]","[""D2"", 6, 14, 12, 7, 12, 14, ""D2""]","[0, 9, 2]",101.69666666666669,101.44666624462798,0.25000042203870976,22.998192500002915,100.22099995613098,True
Instance9,3,4,"[""D4"", 13, 10, 1, 11, 5, 8, 3]",[4],"[""D4"", 13, 10, 1, 11, 5, 8, 3, 8, 5, 10, ""D4""]",[4],"[""D4"", 10, 1, 11, 5, 8, 3, 8, 5, 10, 11, 10, ""D4""]","[13, 4]",101.69666666666669,101.44666624462798,0.25000042203870976,22.998192500002915,100.22099995613098,True
Instance9,4,2,"[""D2"", 6, 14, 12, 7]","[0, 9, 4]","[""D2"", 6, 14, 12, 7, 12, 14, ""D2""]","[0, 9, 4]","[""D2"", 6, 14, 12, 7, 12, 14, 6, ""D2""]","[0, 9, 2]",101.69666666666669,101.44666624462798,0.25000042203870976,22.998192500002915,100.22099995613098,True
Instance9,4,4,"[""D4"", 13, 10, 1, 11, 5, 8, 3]",[2],"[""D4"", 13, 10, 1, 11, 5, 8, 3, 8, 5, 10, ""D4""]",[2],"[""D4"", 10, 1, 11, 5, 8, 3, 8, 5, 10, ""D4""]","[13, 4]",101.69666666666669,101.44666624462798,0.25000042203870976,22.998192500002915,100.22099995613098,True
Instance9,5,2,"[""D2"", 6, 14, 12, 7, 2]","[0, 9, 3]","[""D2"", 6, 14, 12, 7, 2, 12, 14, ""D2""]","[0, 9, 3]","[""D2"", 14, 12, 7, 2, 12, 14, ""D2""]","[6, 0, 9, 3]",101.69666666666669,101.44666624462798,0.25000042203870976,22.998192500002915,100.22099995613098,True
Instance9,5,4,"[""D4"", 13, 10, 11, 5, 8]","[1, 4]","[""D4"", 13, 10, 11, 5, 8, 5, 10, ""D4""]","[1, 4]","[""D4"", 10, 1, 10, 11, 5, 8, 5, 11, 10, ""D4""]","[13, 4]",101.69666666666669,101.44666624462798,0.25000042203870976,22.998192500002915,100.22099995613098,True
Instance9,6,2,"[""D2"", 6, 14, 12, 7, 2]","[0, 9, 3]","[""D2"", 6, 14, 12, 7, 2, 12, 14, ""D2""]","[0, 9, 3]","[""D2"", 6, 14, 12, 7, 2, 12, 14, 6, ""D2""]","[0, 9, 3]",101.69666666666669,101.44666624462798,0.25000042203870976,22.998192500002915,100.22099995613098,True
Instance9,6,4,"[""D4"", 10, 11, 5, 8]","[13, 1, 4]","[""D4"", 10, 11, 5, 8, 5, 10, ""D4""]","[13, 1, 4]","[""D4"", 13, 10, 5, 8, 5, 10, 11, 5, 11, 10, ""D4""]","[1, 4]",101.69666666666669,101.44666624462798,0.25000042203870976,22.998192500002915,100.22099995613098,True
Instance9,7,2,"[""D2"", 6, 0, 9, 0, 0, 6, 14]","[12, 7]","[""D2"", 6, 0, 9, 0, 6, 14, ""D2""]","[12, 7]","[""D2"", 6, 0, 9, 0, 3, 8, 3, 0, ""D2""]","[14, 12, 7]",101.69666666666669,101.44666624462798,0.25000042203870976,22.998192500002915,100.22099995613098,True
Instance9,7,4,"[""D4"", 13, 10, 1, 10, 11, 5, 8, 3]","[2, 4]","[""D4"", 13, 10, 1, 10, 11, 5, 8, 3, 8, 5, 10, ""D4""]","[2, 4]","[""D4"", 10, 1, 10, 11, 5, 11, 10, 5, 10, ""D4""]","[13, 2, 4]",101.69666666666669,101.44666624462798,0.25000042203870976,22.998192500002915,100.22099995613098,True
Instance9,8,2,"[""D2"", 6, 14, 12, 7]","[0, 9, 2]","[""D2"", 6, 14, 12, 7, 12, 14, ""D2""]","[0, 9, 2]","[""D2"", 6, 14, 12, 7, 12, 14, 6, ""D2""]","[0, 9, 2]",101.69666666666669,101.44666624462798,0.25000042203870976,22.998192500002915,100.22099995613098,True
Instance9,8,4,"[""D4"", 13, 10, 1, 11, 5, 8, 3]",[4],"[""D4"", 13, 10, 1, 11, 5, 8, 3, 8, 5, 10, ""D4""]",[4],"[""D4"", 13, 10, 1, 11, 5, 8, 3, 8, 5, 11, 10, 13, ""D4""]",[4],101.69666666666669,101.44666624462798,0.25000042203870976,22.998192500002915,100.22099995613098,True
Instance9,9,2,"[""D2"", 6, 14, 12, 7]","[0, 9, 2]","[""D2"", 6, 14, 12, 7, 12, 14, ""D2""]","[0, 9, 2]","[""D2"", 14, 12, 7, 12, 14, ""D2""]","[6, 0, 9, 2]",101.69666666666669,101.44666624462798,0.25000042203870976,22.998192500002915,100.22099995613098,True
Instance9,9,4,"[""D4"", 13, 10, 11, 5, 8, 3]","[1, 4]","[""D4"", 13, 10, 11, 5, 8, 3, 8, 5, 10, ""D4""]","[1, 4]","[""D4"", 13, 10, 1, 10, 11, 5, 8, 3, 8, 5, 11, 10, 5, 10, 13, ""D4""]",[4],101.69666666666669,101.44666624462798,0.25000042203870976,22.998192500002915,100.22099995613098,True
Instance10,0,2,"[""D2"", 4, 6, 13, 13, 3]","[10, 0]","[""D2"", 4, 6, 13, 3, 13, 6, ""D2""]","[10, 0]","[""D2"", 6, 13, 3, 13, 6, ""D2""]","[4, 10, 9]",112.68,112.18,0.5,21.51847860000271,100.28400015830994,True
Instance10,0,4,"[""D4"", 14, 12, 7, 5, 9, 2, 8]","[1, 11]","[""D4"", 14, 12, 7, 5, 9, 2, 8, 2, 7, 12, ""D4""]","[1, 11]","[""D4"", 12, 7, 5, 2, 8, 2, 5, 7, ""D4""]","[14, 1, 11, 0]",112.68,112.18,0.5,21.51847860000271,100.28400015830994,True
Instance10,1,2,"[""D2"", 4, 6, 13, 10, 13, 3]",[],"[""D2"", 4, 6, 13, 3, 13, 10, ""D2""]",[],"[""D2"", 4, 6, 13, 10, 13, 3, 13, 6, 4, 10, ""D2""]",[],112.68,112.18,0.5,21.51847860000271,100.28400015830994,True
Instance10,1,4,"[""D4"", 14, 7, 12, 7, 5, 9, 2, 8, 0, 11, 1]",[],"[""D4"", 14, 7, 12, 7, 5, 9, 2, 8, 0, 11, 1, ""D4""]",[],"[""D4"", 1, 11, 0, 8, 2, 9, 5, 7, 2, 8, 0, 11, ""D4""]","[14, 12]",112.68,112.18,0.5,21.51847860000271,100.28400015830994,True
Instance10,2,2,"[""D2"", 4, 6, 13, 13, 3]","[10, 0]","[""D2"", 4, 6, 13, 3, 13, 6, ""D2""]","[10, 0]","[""D2"", 4, 6, 13, 3, 13, 6, 4, ""D2""]","[10, 0]",112.68,112.18,0.5,21.51847860000271,100.28400015830994,True
Instance10,2,4,"[""D4"", 14, 12, 7, 5, 9, 2, 8]","[1, 11]","[""D4"", 14, 12, 7, 5, 9, 2, 8, 2, 7, 12, ""D4""]","[1, 11]","[""D4"", 14, 7, 5, 9, 2, 8, 2, 5, 7, 14, 12, 7, ""D4""]","[1, 11]",112.68,112.18,0.5,21.51847860000271,100.28400015830994,True
Instance10,3,2,"[""D2"", 4, 6, 13, 13, 3]","[10, 0]","[""D2"", 4, 6, 13, 3, 13, 6, ""D2""]","[10, 0]","[""D2"", 4, 6, 13, 3, 13, 6, ""D2""]","[10, 0]",112.68,112.18,0.5,21.51847860000271,100.28400015830994,True
Instance10,3,4,"[""D4"", 14, 12, 7, 5, 9, 2, 8]","[1, 11]","[""D4"", 14, 12, 7, 5, 9, 2, 8, 2, 7, ""D4""]","[1, 11]","[""D4"", 14, 7, 2, 5, 2, 7, 5, 9, 2, 8, 2, 9, 7, 14, 12, 7, ""D4""]","[1, 11]",112.68,112.18,0.5,21.51847860000271,100.28400015830994,True
Instance10,4,2,"[""D2"", 4, 6, 13, 13, 3]","[10, 8]","[""D2"", 4, 6, 13, 3, 13, 6, ""D2""]","[10, 8]","[""D2"", 4, 10, 13, 3, 13, 10, ""D2""]","[6, 8]",112.68,112.18,0.5,21.51847860000271,100.28400015830994,True
Instance10,4,4,"[""D4"", 14, 12, 7, 5, 9, 2]","[1, 11, 0]","[""D4"", 14, 12, 7, 5, 9, 2, 7, ""D4""]","[1, 11, 0]","[""D4"", 14, 12, 7, 2, 7, 5, 9, 2, 9, 7, ""D4""]","[1, 11, 0]",112.68,112.18,0.5,21.51847860000271,100.28400015830994,True
Instance10,5,2,"[""D2"", 4, 6, 13, 13, 3]","[10, 0]","[""D2"", 4, 6, 13, 3, 13, 6, ""D2""]","[10, 0]","[""D2"", 4, 10, 13, 3, 13, 10, ""D2""]","[6, 5]",112.68,112.18,0.5,21.51847860000271,100.28400015830994,True
Instance10,5,4,"[""D4"", 14, 12, 7, 5, 9, 2, 8]","[1, 11]","[""D4"", 14, 12, 7, 5, 9, 2, 8, 2, 7, ""D4""]","[1, 11]","[""D4"", 11, 0, 8, 2, 9, 2, 8, 0, 11, ""D4""]","[14, 12, 7, 1]",112.68,112.18,0.5,21.51847860000271,100.28400015830994,True
Instance10,6,2,"[""D2"", 4, 6, 13, 13, 3]","[10, 0]","[""D2"", 4, 6, 13, 3, 13, 6, ""D2""]","[10, 0]","[""D2"", 4, 10, 13, 3, 13, 10, ""D2""]","[6, 0]",112.68,112.18,0.5,21.51847860000271,100.28400015830994,True
Instance10,6,4,"[""D4"", 14, 12, 7, 5, 9, 2, 8]","[1, 11]","[""D4"", 14, 12, 7, 5, 9, 2, 8, 2, 7, 12, ""D4""]","[1, 11]","[""D4"", 14, 7, 5, 2, 5, 9, 2, 8, 2, 7, 12, 7, 14, 12, ""D4""]","[1, 11]",112.68,112.18,0.5,21.51847860000271,100.28400015830994,True
Instance10,7,2,"[""D2"", 4, 6, 13, 3, 13]","[10, 0]","[""D2"", 4, 6, 13, 3, 13, 6, ""D2""]","[10, 0]","[""D2"", 4, 6, 13, 3, 13, 6, 4, ""D2""]","[10, 5]",112.68,112.18,0.5,21.51847860000271,100.28400015830994,True
Instance10,7,4,"[""D4"", 14, 12, 7, 5, 9, 2, 8]","[1, 11]","[""D4"", 14, 12, 7, 5, 9, 2, 8, 2, 7, 12, ""D4""]","[1, 11]","[""D4"", 14, 11, 0, 8, 2, 9, 2, 8, 0, 11, ""D4""]","[12, 7, 1]",112.68,112.18,0.5,21.51847860000271,100.28400015830994,True
Instance10,8,2,"[""D2"", 4, 10, 13, 13, 3]","[6, 0]","[""D2"", 4, 10, 13, 3, 13, 10, ""D2""]","[6, 0]","[""D2"", 4, 10, 13, 3, 13, 10, ""D2""]","[6, 9]",112.68,112.18,0.5,21.51847860000271,100.28400015830994,True
Instance10,8,4,"[""D4"", 14, 12, 7, 5, 9, 2, 8]","[1, 11]","[""D4"", 14, 12, 7, 5, 9, 2, 8, 2, 7, ""D4""]","[1, 11]","[""D4"", 1, 11, 0, 8, 2, 8, 0, 11, ""D4""]","[14, 12, 7, 5]",112.68,112.18,0.5,21.51847860000271,100.28400015830994,True
Instance10,9,2,"[""D2"", 4, 6, 13, 13, 3]","[10, 0]","[""D2"", 4, 6, 13, 3, 13, 6, ""D2""]","[10, 0]","[""D2"", 10, 13, 3, 13, 10, ""D2""]","[4, 6, 0]",112.68,112.18,0.5,21.51847860000271,100.28400015830994,True
Instance10,9,4,"[""D4"", 14, 12, 7, 5, 9, 2, 8]","[1, 11]","[""D4"", 14, 12, 7, 5, 9, 2, 8, 2, 7, 12, ""D4""]","[1, 11]","[""D4"", 12, 7, 5, 9, 2, 8, 2, 5, 2, 9, 7, 2, 7, ""D4""]","[14, 1, 11]",112.68,112.18,0.5,21.51847860000271,100.28400015830994,True
